alter session set nls_date_format = 'DD-MON-RR';
insert into SUPPLIER values ('1001', 'Pfizer Inc', 'Manhattan,New York,US', '138854');
insert into SUPPLIER values ('1002', 'Roche Holding AG', 'Basel,null,Swiss', '138858');
insert into SUPPLIER values ('1003', 'Novartis International AG', 'Basel,null,Swiss', '138828');
insert into SUPPLIER values ('1004', 'Merck Inc', 'Kenilworth,New Jersey,US', '1386163');
insert into SUPPLIER values ('1005', 'GlaxoSmithKline plc', 'London,England,UK', '1315062');
insert into SUPPLIER values ('1006', 'Johnson & Johnson', 'New Brunswick,New Jersey,US', '13814888');
insert into SUPPLIER values ('1007', 'AbbVie', 'Lake Bluff,llinois,US', '1315201');
insert into SUPPLIER values ('1008', 'Sanofi', 'Paris,null,France', '1302515');
insert into SUPPLIER values ('1009', 'Hibitai Hemorrhoid Suppository co', 'Changsha,Hunan,CN', '1352332');
insert into SUPPLIER values ('1010', 'Mayinglong Hemorrhoid Suppository co', 'Shenzhen,guangdong,TX', '112301');
insert into SUPPLIER values ('1011', 'Ketoconazole Ointment Company', 'Xinong,guanxi,TX', '152352');
insert into SUPPLIER values ('1012', 'Conde medica', 'Chaoyang District, Beijing,CN', '138854');
insert into SUPPLIER values ('1013', 'Shuanghuanglian Company', 'Haidian District, Beijing,CN', '138858');
insert into SUPPLIER values ('1014', 'Angelica Company', 'Zhongguan District,Beijing,CN', '138828');
insert into SUPPLIER values ('1015', 'Ginseng company', 'Chengdu, Sichuan,ZH', '1386163');
insert into SUPPLIER values ('1016', 'Cold ling Company', 'Guilin, Guangxi,CN', '1315062');
insert into SUPPLIER values ('1017', 'Cephalosporins company', 'Chengdu,Sichuan,CN', '13814888');
insert into SUPPLIER values ('1018', 'Ducklin & Company', 'Mianyang,Sichuan,ZH', '1315201');
insert into SUPPLIER values ('1019', 'Ibuprofen Oral Liquid Company', 'Wuhan,hubei,CN', '1302515');
insert into SUPPLIER values ('1020', 'Medwish co', 'Changsha,Hunan,ZH', '1222231');
--
insert into MEDICINE values ('Conde', 'prescription medicine',  500, to_date('17-11-2020', 'dd-mm-yyyy'));
insert into MEDICINE values ('Shuanghuanglian', 'nonprescription medicine',  600, to_date('11-11-2020', 'dd-mm-yyyy'));
insert into MEDICINE values ('Angelica', 'nonprescription medicine',  700, to_date('15-11-2020', 'dd-mm-yyyy'));
insert into MEDICINE values ('Ginseng', 'nonprescription medicine', 800, to_date('16-11-2020', 'dd-mm-yyyy'));
insert into MEDICINE values ('Cold ling', 'nonprescription medicine', 540, to_date('12-11-2020', 'dd-mm-yyyy'));
insert into MEDICINE values ('Cephalosporins', 'nonprescription medicine',  200, to_date('06-11-2020', 'dd-mm-yyyy'));
insert into MEDICINE values ('Ducklin', 'prescription medicine',  400, to_date('12-11-2020', 'dd-mm-yyyy'));
insert into MEDICINE values ('lbuprofen Oral Liquid', 'prescription medicine',  500, to_date('17-11-2020', 'dd-mm-yyyy'));
insert into MEDICINE values ('Hibitai Hemorrhoid Suppository', 'prescription medicine', 300, to_date('17-11-2020', 'dd-mm-yyyy'));
insert into MEDICINE values ('Mayinglong Hemorrhoid Suppository', 'prescription medicine',  100, to_date('03-11-2020', 'dd-mm-yyyy'));
insert into MEDICINE values ('Ketoconazole Ointment', 'prescription medicine',  99, to_date('05-11-2020', 'dd-mm-yyyy'));
--
insert into EMPLOYEE values ('2001', 'John', 'M');
insert into EMPLOYEE values ('2002', 'Alicia', 'F');
insert into EMPLOYEE values ('2003', 'Justin', 'F');
insert into EMPLOYEE values ('2004', 'Tom', 'M');
insert into EMPLOYEE values ('2005', 'Andy', 'F');
insert into EMPLOYEE values ('2006', 'Joy', 'F');
insert into EMPLOYEE values ('2007', 'Bob', 'M');
insert into EMPLOYEE values ('2008', 'Chenglong', 'M');
insert into EMPLOYEE values ('2009', 'Wangsu', 'F');
insert into EMPLOYEE values ('2010', 'Jack', 'M');
insert into EMPLOYEE values ('2011', 'Lucian', 'M');
insert into EMPLOYEE values ('2012', 'Lisi', 'F');
insert into EMPLOYEE values ('2013', 'Wangwu', 'F');
insert into EMPLOYEE values ('2014', 'Darious', 'M');
insert into EMPLOYEE values ('2015', 'ZhaoLiu', 'F');
insert into EMPLOYEE values ('2016', 'Joy', 'F');
insert into EMPLOYEE values ('2017', 'Bob', 'M');
insert into EMPLOYEE values ('2018', 'Chenglong', 'M');
insert into EMPLOYEE values ('2019', 'Wangsu', 'F');
insert into EMPLOYEE values ('2020', 'Jack', 'M');
--
insert into BUYLIST values ('5001', '1007', 'Ducklin', '2007',  to_date('06-11-2020', 'dd-mm-yyyy'));
insert into BUYLIST values ('5002', '1008', 'lbuprofen Oral Liquid', '2008',  to_date('08-11-2020', 'dd-mm-yyyy'));
insert into BUYLIST values ('5003', '1006', 'Cephalosporins', '2006',  to_date('05-11-2020', 'dd-mm-yyyy'));
insert into BUYLIST values ('5004', '1001', 'Conde', '2001', to_date('19-11-2020', 'dd-mm-yyyy'));
insert into BUYLIST values ('5005', '1005', 'Cold ling', '2005',  to_date('12-11-2020', 'dd-mm-yyyy'));
insert into BUYLIST values ('5006', '1002', 'Shuanghuanglian', '2002',  to_date('12-11-2020', 'dd-mm-yyyy'));
insert into BUYLIST values ('5007', '1003', 'Angelica', '2003',  to_date('11-11-2020', 'dd-mm-yyyy'));
insert into BUYLIST values ('5008', '1004', 'Ginseng', '2004',  to_date('11-11-2020', 'dd-mm-yyyy'));
insert into BUYLIST values ('5009', '1009', 'Hibitai Hemorrhoid Suppository', '2009',  to_date('24-11-2020', 'dd-mm-yyyy'));
insert into BUYLIST values ('5010', '1010', 'Mayinglong Hemorrhoid Suppository', '2010', to_date('16-11-2020', 'dd-mm-yyyy'));
insert into BUYLIST values ('5011', '1011', 'Ketoconazole Ointment', '2011',  to_date('12-11-2020', 'dd-mm-yyyy'));
insert into BUYLIST values ('5012', '1012', 'Shuanghuanglian', '2002',  to_date('12-11-2020', 'dd-mm-yyyy'));
insert into BUYLIST values ('5013', '1013', 'Angelica', '2013',  to_date('11-11-2020', 'dd-mm-yyyy'));
insert into BUYLIST values ('5014', '1014', 'Ginseng', '2014',  to_date('11-11-2020', 'dd-mm-yyyy'));
insert into BUYLIST values ('5015', '1015', 'Cold ling', '2015',  to_date('12-11-2020', 'dd-mm-yyyy'));
insert into BUYLIST values ('5016', '1016', 'Cephalosporins', '2006',  to_date('05-11-2020', 'dd-mm-yyyy'));
insert into BUYLIST values ('5017', '1017', 'Ducklin', '2007',  to_date('06-11-2020', 'dd-mm-yyyy'));
insert into BUYLIST values ('5018', '1018', 'lbuprofen Oral Liquid', '2008',  to_date('08-11-2020', 'dd-mm-yyyy'));
insert into BUYLIST values ('5019', '1019', 'Hibitai Hemorrhoid Suppository', '2009',  to_date('24-11-2020', 'dd-mm-yyyy'));
insert into BUYLIST values ('5020', '1020', 'Mayinglong Hemorrhoid Suppository', '2010', to_date('16-11-2020', 'dd-mm-yyyy'));
--
insert into SALELIST values ('6001', '1001', 'Conde', '4001',  to_date('11-11-2020', 'dd-mm-yyyy'));
insert into SALELIST values ('6002', '1002', 'Shuanghuanglian', '4002', to_date('12-11-2020', 'dd-mm-yyyy'));
insert into SALELIST values ('6003', '1003', 'Angelica', '4003', to_date('05-11-2020', 'dd-mm-yyyy'));
insert into SALELIST values ('6004', '1004', 'Ginseng', '4004',  to_date('06-11-2020', 'dd-mm-yyyy'));
insert into SALELIST values ('6005', '1005', 'Cold ling', '4005',  to_date('07-11-2020', 'dd-mm-yyyy'));
insert into SALELIST values ('6006', '1006', 'Cephalosporins', '4006',  to_date('05-11-2020', 'dd-mm-yyyy'));
insert into SALELIST values ('6007', '1007', 'Ducklin', '4007',  to_date('12-11-2020', 'dd-mm-yyyy'));
insert into SALELIST values ('6008', '1008', 'lbuprofen Oral Liquid', '4008', to_date('09-11-2020', 'dd-mm-yyyy'));
insert into SALELIST values ('6009', '1009', 'Hibitai Hemorrhoid Suppository', '4009', to_date('11-11-2020', 'dd-mm-yyyy'));
insert into SALELIST values ('6010', '1010', 'Mayinglong Hemorrhoid Suppository', '4010',  to_date('12-11-2020', 'dd-mm-yyyy'));
insert into SALELIST values ('6011', '1011', 'Ketoconazole Ointment', '4011', to_date('06-11-2020', 'dd-mm-yyyy'));
insert into SALELIST values ('6012', '1012', 'Shuanghuanglian', '4002', to_date('12-11-2020', 'dd-mm-yyyy'));
insert into SALELIST values ('6013', '1013', 'Angelica', '4003', to_date('05-11-2020', 'dd-mm-yyyy'));
insert into SALELIST values ('6014', '1014', 'Ginseng', '4004',  to_date('06-11-2020', 'dd-mm-yyyy'));
insert into SALELIST values ('6015', '1015', 'Cold ling', '4005',  to_date('07-11-2020', 'dd-mm-yyyy'));
insert into SALELIST values ('6016', '1016', 'Cephalosporins', '4006',  to_date('05-11-2020', 'dd-mm-yyyy'));
insert into SALELIST values ('6017', '1017', 'Ducklin', '4007',  to_date('12-11-2020', 'dd-mm-yyyy'));
insert into SALELIST values ('6018', '1018', 'lbuprofen Oral Liquid', '4008', to_date('09-11-2020', 'dd-mm-yyyy'));
insert into SALELIST values ('6019', '1019', 'Hibitai Hemorrhoid Suppository', '4009', to_date('11-11-2020', 'dd-mm-yyyy'));
insert into SALELIST values ('6020', '1020', 'Mayinglong Hemorrhoid Suppository', '4010',  to_date('12-11-2020', 'dd-mm-yyyy'));
--
insert into CUSTOMER values ('4001', 'Zengxiaoxian', 'M', '136623206');
insert into CUSTOMER values ('4002', 'Sam', 'F', '1352302566');
insert into CUSTOMER values ('4003', 'Tom', 'F', '1361012516');
insert into CUSTOMER values ('4004', 'Bob', 'M', '1361565266');
insert into CUSTOMER values ('4005', 'Liliy', 'F', '1366516151');
insert into CUSTOMER values ('4006', 'Bob', 'F', '1851620255');
insert into CUSTOMER values ('4007', 'Cate', 'M', '1756156162');
insert into CUSTOMER values ('4008', 'Song', 'F', '17615632515');
insert into CUSTOMER values ('4009', 'Leslie', 'F', '115615152');
insert into CUSTOMER values ('4010', 'Small', 'M', '1156154551');
insert into CUSTOMER values ('4011', 'Garen', 'M', '189856515');
insert into CUSTOMER values ('4012', 'Liushang', 'F', '1352302566');
insert into CUSTOMER values ('4013', 'Zhaoyun', 'F', '1361012516');
insert into CUSTOMER values ('4014', 'Guanyu', 'M', '1361565266');
insert into CUSTOMER values ('4015', 'Liliy', 'F', '1366516151');
insert into CUSTOMER values ('4016', 'Bob', 'F', '1851620255');
insert into CUSTOMER values ('4017', 'Caocao', 'M', '1756156162');
insert into CUSTOMER values ('4018', 'Ahri', 'F', '17615632515');
insert into CUSTOMER values ('4019', 'Frank', 'F', '115615152');
insert into CUSTOMER values ('4020', 'Wangning', 'M', '1156154551');
--
insert into DEPENDENT values ('2007', 'Jack', 'M');
insert into DEPENDENT values ('2010', 'Jme', 'M');
insert into DEPENDENT values ('2001', 'Ray', 'F');
insert into DEPENDENT values ('2002', 'Jack', 'F');
insert into DEPENDENT values ('2008', 'Tim', 'M');
insert into DEPENDENT values ('2005', 'Drew', 'F');
insert into DEPENDENT values ('2006', 'Jame', 'M');
insert into DEPENDENT values ('2009', 'Dog', 'M');
insert into DEPENDENT values ('2003', 'Jake', 'F');
insert into DEPENDENT values ('2004', 'Dabby', 'F');
insert into DEPENDENT values ('2011', 'Lucian', 'M');
insert into DEPENDENT values ('2012', 'liwn', 'F');
insert into DEPENDENT values ('2013', 'Wangle', 'F');
insert into DEPENDENT values ('2014', 'Dame', 'F');
insert into DEPENDENT values ('2015', 'Zhaoxin', 'F');
--
insert into ORDERLIST values ('8001', '2001', 'Conde', 5000, to_date('19-11-2020', 'dd-mm-yyyy'));
insert into ORDERLIST values ('8002', '2002', 'Shuanghuanglian',60000, to_date('12-11-2020', 'dd-mm-yyyy'));
insert into ORDERLIST values ('8003', '2003', 'Angelica', 7000, to_date('11-11-2020', 'dd-mm-yyyy'));
insert into ORDERLIST values ('8004', '2004', 'Ginseng', 8600, to_date('11-11-2020', 'dd-mm-yyyy'));
insert into ORDERLIST values ('8005', '2005', 'Cold ling', 9400, to_date('12-11-2020', 'dd-mm-yyyy'));
insert into ORDERLIST values ('8006', '2006', 'Cephalosporins', 2200, to_date('05-11-2020', 'dd-mm-yyyy'));
insert into ORDERLIST values ('8007', '2007', 'Ducklin', '2007',  to_date('06-11-2020', 'dd-mm-yyyy'));
insert into ORDERLIST values ('8008', '2008', 'lbuprofen Oral Liquid', 7700, to_date('08-11-2020', 'dd-mm-yyyy'));
insert into ORDERLIST values ('8009', '2009', 'Hibitai Hemorrhoid Suppository',5400, to_date('24-11-2020', 'dd-mm-yyyy'));
insert into ORDERLIST values ('8010', '2010', 'Mayinglong Hemorrhoid Suppository', 5200, to_date('16-11-2020', 'dd-mm-yyyy'));
insert into ORDERLIST values ('8011', '2011', 'Ketoconazole Ointment',  3000, to_date('12-11-2020', 'dd-mm-yyyy'));
--
insert into RETURNLIST values ('9001', '2001', 'Conde',  3000, to_date('19-11-2020', 'dd-mm-yyyy'));
insert into RETURNLIST values ('9002', '2002', 'Shuanghuanglian',  600, to_date('12-11-2020', 'dd-mm-yyyy'));
insert into RETURNLIST values ('9003', '2003', 'Angelica', 700, to_date('11-11-2020', 'dd-mm-yyyy'));
insert into RETURNLIST values ('9004', '2004', 'Ginseng', 850, to_date('11-11-2020', 'dd-mm-yyyy'));
insert into RETURNLIST values ('9005', '2005', 'Cold ling',  950, to_date('12-11-2020', 'dd-mm-yyyy'));
insert into RETURNLIST values ('9006', '2006', 'Cephalosporins', 20, to_date('05-11-2020', 'dd-mm-yyyy'));
insert into RETURNLIST values ('9007', '2007', 'Ducklin',  30, to_date('06-11-2020', 'dd-mm-yyyy'));
insert into RETURNLIST values ('9008', '2008', 'lbuprofen Oral Liquid',  30, to_date('08-11-2020', 'dd-mm-yyyy'));
insert into RETURNLIST values ('9009', '2009', 'Hibitai Hemorrhoid Suppository',  540, to_date('24-11-2020', 'dd-mm-yyyy'));
insert into RETURNLIST values ('9010', '2010', 'Mayinglong Hemorrhoid Suppository', 520, to_date('16-11-2020', 'dd-mm-yyyy'));
insert into RETURNLIST values ('9011', '2011', 'Ketoconazole Ointment', 30, to_date('12-11-2020', 'dd-mm-yyyy'));


